Agency,0
Access Services,[6312]
Agoura Hills,[5435 nan]
Alameda,[5014]
Alameda - Contra Costa Transit District,[6002]
Alameda Corridor Transportation Authority,[6246]
Alameda County,[5933]
Alameda County Congestion Management Agency,[6273]
Alameda County Transportation Commission,[6480]
Alameda County Transportation Improvement Authority,[6430]
Alameda County Waste Management Authority,[6481]
Albany,[5178]
Alhambra,[5130 nan]
Alpine County,[5903 5931]
Amador,[nan]
Amador City,[5228 nan]
Amador County,[5926]
Amador County Transportation Commission,[6127]
Amador Rapid Transit System,[6045]
American Canyon,[5470]
Anaheim,[5055 nan]
Angels,[5206 nan]
Antelope Valley Transit Authority,[6166]
Antioch,[5038]
Apple Valley,[5453 nan]
Arcadia,[5131]
Arcata,[5021]
Arroyo Grande,[5199]
Artesia,[5355 nan]
Arvin,[5370]
Association Of Monterey Bay Area Governments,[6091]
Atascadero,[5423]
Atherton,[5261]
Atwater,[5254 nan]
Auburn,[5077]
Avenal,[5424]
Azusa,[5112]
Bakersfield,[5109]
Baldwin Park,[5323 nan]
Banning,[5214 7500]
Barstow,[5298 nan]
Bay Area Air Quality Management District,[6297]
Beaumont,[5209]
Bell,[5272]
Bell Gardens,[5373 nan]
Bellflower,[5348 nan]
Belmont,[5268]
Benicia,[5003]
Berkeley,[5057]
Big Bear Lake,[5426 nan]
Biggs,[5128]
Bishop,[nan]
Blue Lake,[5190]
Blythe,[5233]
Brawley,[5167 nan]
Brea,[5237 nan]
Brentwood,[5300]
Brisbane,[5376]
Buena Park,[5310 nan]
Burbank,[5200 nan]
Burlingame,[5171]
Butte County,[5912]
Butte County Association Of Governments,[6092]
Calabasas,[nan 5463]
Calaveras,[5463 nan]
Calaveras C T C,[nan]
Calaveras Council Of Governments,[6128]
Calaveras County,[5930]
Calexico,[5168 nan]
California City,[5399 nan]
"California State University, Sacramento",[6306]
California Tahoe Conservancy,[6506]
Calimesa,[5460 nan]
Calipatria,[5243 nan]
Calistoga,[5061]
Caltrans,[6207 6212 6202 6204 6200 6206 6203 6211 6205 6208 6210 6201]
Camarillo,[5393 nan]
Campbell,[5306]
Cap Soeast Con,[nan]
Capital Southeast Connector,[6498]
Capitola,[5304]
Carlsbad,[5308 nan]
Carpinteria,[5397]
Carson,[5403 nan]
Cathedral City,[5430 nan 5957]
Central Contra Costa Transit Authority,[6156]
Central Unified School District,[6424]
Ceres,[5241 nan]
Cerritos,[5325 nan]
Chico,[5037]
Chino,[5188 nan]
Chino Hills,[5467 nan]
Chowchilla,[5258]
Chula Vista,[5203 nan]
Chula Vista Elementary School District,[nan]
Citrus Heights,[5475]
"City & County Of San Francisco, Mta/Parking & Traffic",[6328]
City/County Association Of Governments Of San Mateo County,[6419]
Claremont,[5162 nan]
Clayton,[5386]
Clearlake,[5427]
Cloverdale,[5039]
Clovis,[5208]
Clovis Unified School District,[6326]
Coachella,[5294 nan]
Coachella V A G,[nan]
Coachella Valley Association Of Governments,[6164]
Coalinga,[5146]
Colfax,[5187]
Colma,[5264]
Colton,[5065 nan]
Colusa County,[5915]
Commerce,[5362 nan]
Compton,[5078]
Concord,[5135]
Contra Costa County,[5928]
Contra Costa Transportation Authority,[6072]
Corcoran,[5223]
Corning,[5161]
Corona,[5104 nan]
Coronado,[5090]
Corte Madera,[5232]
Costa Mesa,[5312 nan]
Cotati,[5383]
Council Of Fresno County Governments,[6086]
Council Of San Benito County Governments,[6060]
Covina,[5118]
Crescent City,[5013]
Cudahy,[5369]
Culver City,[5240 nan]
Cupertino,[5318]
Cypress,[5330]
Daly City,[5196]
Dana Point,[5454 nan]
Danville,[5434]
Davis,[5238]
Del Mar,[5356 nan]
Del Norte County,[5901]
Delano,[5227]
Department Of Parks And Recreation,[6081]
Department Of Water Resources,[6248]
Desert Hot Springs,[5384]
Diamond Bar,[5455 nan]
Dinuba,[5143]
Dixon,[5056]
Dos Palos,[nan 5279]
Downey,[5334 nan]
Dst Hot Springs,[nan]
Dublin,[5432]
Dunsmuir,[5183]
Dwr,[nan]
East Bay Regional Park District,[6075]
East Palo Alto,[5438]
Eastvale,[5486 nan]
El Cajon,[5211 nan]
El Centro,[5169 nan]
El Cerrito,[5239]
El Dorado County,[5925]
El Monte,[5210]
El Paso De Robles,[5084]
El Segundo,[5235]
Elk Grove,[5479]
Emeryville,[5106]
Encinitas,[5446 nan]
Escalon,[5337]
Escondido,[5081 nan]
Eureka,[5017]
Exeter,[5195]
Fairfax,[5277]
Fairfield,[5132]
Farmersville,[5368]
Ferndale,[5097]
Fillmore,[5222 nan]
Firebaugh,[5224]
Folsom,[5288]
Fontana,[5307 nan]
Fort Bragg,[5088]
Fortuna,[5145]
Foster City,[5409]
Fountain Valley,[5341]
Fowler,[5173 7500]
Fremont,[5322]
Fresno,[5060]
Fresno County,[5942]
Fresno County Rural Transit Agency,[6194]
Fresno Unified School District,[6336]
Fthll/East Tca,[nan]
Fullerton,[5133]
Galt,[5293]
Garden Grove,[5328 nan]
Gardena,[5276 nan]
Gilroy,[5034]
Glendale,[5144 nan]
Glendora,[5204]
Glenn County,[5911]
Gold Coast Transit District,[7505]
Golden Empire Transit District,[6013]
"Golden Gate Bridge, Highway And Transportation Distri",[6003]
Goleta,[5481]
Grand Terrace,[5421]
Grass Valley,[5023 '32L0']
Gridley,[5140]
Grover Beach,[5359]
Gustine,[5230]
Gustine City,[nan]
Half Moon Bay,[5357]
Hanford,[5091]
Hawaiian Garden,[nan]
Hawaiian Gardens,[5387]
Hawthorne,[5253 nan]
Hayward,[5050]
Healdsburg,[5027]
Hemet,[5186]
Hercules,[5117]
Hermosa Beach,[nan]
Hesperia,[nan 5452]
Highland,[5449 nan]
Hillsborough,[5191]
Holtville,[5174 nan]
Hughson,[5411 nan]
Humboldt,[5940]
Humboldt Bay Harbor Recreation & Conservation District,[6302]
Humboldt County,[5904]
Huntington Beac,[nan]
Huntington Beach,[5181]
Huntington Park,[5150]
Huron,[5305]
Imperial,[5134 nan 5958]
Imperial County,[5958]
Imperial County Transportation Commission,[6471]
Indian Wells,[5401]
Indio,[5275 nan]
Industry,[5342]
Inglewood,[5164 nan]
Inyo,[nan]
Inyo County,[5948]
Ione,[5311]
Irvine,[5410 nan]
Irwindale,[5345]
Jackson,[5141 nan]
Jpam,[nan]
Jurupa Valley,[5487]
Kerman,[5291]
Kern,[5961]
Kern County,[5950]
Kern County (District 9),[nan 5961]
Kern County Council Of Governments,[6087]
Kern County Superintendent Of School,[6332]
Kern Regional Transit,[6285]
Kings Canyon Unified School District,[6423]
Kings County,[5945]
Kings County Area Public Transit Agency,[6198]
Kingsburg,[5170]
La Canada Flintridge,[5417]
La Canada-Flint,[nan]
La Co M T A,[6065]
La Habra,[5266 nan]
La Jolla Band Of Luiseno Indians,[nan]
La Mesa,[5207 nan]
La Mirada,[5364]
La Palma,[5319 nan]
La Puente,[5331 nan]
La Quinta,[5433 nan 'NBIL']
La Verne,[5149 nan]
Lafayette,[5404]
Laguna Beach,[nan]
Laguna Hills,[5468 nan]
Laguna Niguel,[5458 nan]
Lake County,[5914]
Lake Elsinore,[5074 nan]
Lake Forest,[5469]
Lakeport,[5076]
Lakewood,[5315]
Lancaster,[5419 nan 7500]
Larkspur,[5166]
Lassen County,[5907]
Lathrop,[nan 5456]
Lawndale,[5360 nan]
Lemon Grove,[5418]
Lemoore,[5115]
Lgnw,[nan]
Lincoln,[5089]
Live Oak,[5297]
Livermore,[5053]
Livermore Amador Valley Transit Authority,[6193]
Livingston,[5256 nan]
Lodi,[5154 nan]
Lodi Unified School District,[6443 nan]
Lompoc,[5080]
Long Beach,[5108 nan]
Long Beach Transportation Company,[6048]
Loomis,[5442]
Los Altos,[5309]
Los Altos Hills,[5324]
Los Angeles,[5006 5953 nan 7500 '38Y0']
Los Angeles County,[5953 5351 5930]
Los Angeles County Metropolitan Transportation Authority,[6065]
Los Angeles Unified School District,[6508]
Los Banos,[5160 nan]
Los Gatos,[5067]
Lynwood,[5250]
Madera,[5157]
Madera County,[5941]
Malibu,[5462 nan]
Mammoth Lakes,[5439 nan]
Manhattan Beach,[5212]
Manteca,[5242 nan]
Marin County,[5927 5953]
Marin County Transit District,[6343]
Marina,[5416]
Mariposa,[nan 5940]
Mariposa County,[5940]
Martinez,[5024]
Marysville,[5009]
Maywood,[nan]
Mcfarland,[5343]
Mendocino,['40A0']
Mendocino County,[5910]
Mendota,[5285]
Menifee,[5483]
Menlo Park,[5273]
Merced,[5085 nan 5939]
Merced Co Aog,[nan]
Merced County,[5939]
Merced County Association Of Governments,[6095]
Metropolitan Transportation Commission,[6084]
Metropolitan Transportation Commission - Safe,[6160]
Mill Valley,[5113]
Millbrae,[5299]
Milpitas,[5314]
Mission Viejo,[5451 nan]
Modesto,[5059 nan]
Modoc County,[5903]
Mono,[nan]
Mono County,[5947]
Monrovia,[5069]
Montclair,[5326 nan]
Monte Sereno,[5339]
Montebello,[5247]
Monterey,[5086]
Monterey County,[5944 5903 5936]
Monterey Park,[5231]
Moorpark,[5436]
Moraga,[5415]
Moreno Valley,[5441 nan]
Morgan Hill,[5152]
Morongo Basin Transit Authority,[6235]
Morro Bay,[5391]
Mountain Area Regional Transit Authority,[6292]
Mountain View,[5124]
Murrieta,[5464 nan]
Napa,[5042]
Napa County,[5921]
Napa County Office Of Education,[6446]
Napa County Transportation Planning Agency,[6429]
Napa Valley Transportation Authority,[6510]
National City,[5066 nan]
"National Park Service, Pacific West Region",[6167]
Natomas Unified School District,[6456]
Needles,[5220]
Nevada City,[5018]
Nevada County,[5917 5903]
Newark,[5317]
Newman,[5172 nan]
Newport Beach,[5151 nan]
Norwalk,[5347 nan]
Novato,[5361]
Oakdale,[5153 nan]
Oakland,[5012]
Oakley,[5477]
Oceanside,[5079 nan]
Ojai,[5251]
Omnitrans,[6046]
Ontario,[5092 nan]
Ora Co Trans Au,[5391 nan]
Orange,[5073 nan]
Orange County,[5955]
Orange County Transportation Authority,[6071]
Orange Cove,[5301]
Orinda,[5444]
Orland,[5185]
Oroville,[5142]
Oxnard,[5129 nan]
Pacifica,[5350]
Palm Desert,[5414 nan]
Palm Springs,[5282 nan 5275]
Palmdale,[5378 nan 7500]
Palo Alto,[5100]
Palos Verdes Est,[5283]
Paradise,[5425 5953]
Paramount,[5336]
Parks And Rec,[6081]
Parlier,[5252]
Parlier Unified School District,[6454]
Pasadena,[5064 nan]
Patterson,[5244 nan]
Peninsula Joint Powers Board,[6170]
Perris,[5198]
Petaluma,[5022]
Pico Rivera,[5351 nan]
Piedmont,[5156]
Pinole,[5126]
Pismo Beach,[5289]
Pittsburg,[5127]
Placentia,[5269]
Placer County,[5919]
Placer County Transportation Planning Agency,[6158]
Placerville,[5015]
Pleasant Hill,[5375]
Pleasanton,[5101]
Plumas County,[5909]
Plymouth,[5236 nan]
Pomona,[5070 nan]
Port Hueneme,[nan]
Port Of Long Beach,[6108]
Port Of Oakland,[6057]
Port Of San Francisco,[6169]
Porterville,[5122]
Portola,[5290]
Portola Valley,[5390]
Poway,[nan]
Rancho Cordova,[5482]
Rancho Cucamonga,[5420]
Rancho Mirage,[5412 nan]
Rancho Palos Verdes,[5413]
Rancho Santa Margarita,[5478]
Ranchocucamonga,[nan]
Ranchopalosverd,[nan]
Red Bluff,[5052]
Redding,[5068]
Redlands,[5083 nan]
Redondo Beach,[5093]
Redwood City,[5029]
Reedley,[5216]
Rialto,[5205 nan]
Richmond,[5137 7500]
Ridgecrest,[5385 nan]
Rio Dell,[5396]
Rio Vista,[5099]
Ripon,[5286 nan]
Riv Co Trans Co,[nan]
Riverbank,[5255 nan]
Riverside,[5058 nan 5956]
Riverside County,[5956]
Riverside County Transportation Commission,[6054]
Riverside Transit Agency,[6165]
Rocklin,[5095]
Rohnert Park,[5379]
Rollinghillsest,[nan]
Rosemead,[5358 nan]
Roseville,[5182]
Ross,[5176]
Rsm,[nan]
Sacramento,[5002]
Sacramento Area Council Of Governments,[6085]
Sacramento County,[5924]
Sacramento Metropolitan Air Quality Management District,[6236]
Sacramento Regional Transit District,[6005]
Salinas,[5045]
Samd,[nan]
San Anselmo,[5159]
San Benito County,[5943]
San Bernardino,[5033 nan 5954 '40A0' '38R0']
San Bernardino Associated Governments,[6053]
San Bernardino County,[5954]
San Bernardino County Transportation Authority,[6507]
San Bruno,[5226]
San Buena Ventura,[5026]
San Carlos,[5267]
San Clemente,[5274]
San Diego,[5004 nan 5957]
San Diego Association Of Governments,[6066]
San Diego County,[5957]
San Diego Metropolitan Tranit System,[7503]
San Diego Unified Port District,[6350]
San Dimas,[5367 nan]
San Fernando,[5202]
San Francisco Bay Area Rapid Transit District,[6000]
San Francisco Bay Area Water Transit Authority,[6365]
San Francisco County,[5934]
San Francisco County Transportation Authority,[6272]
San Francisco Department Of Public Health,[6447]
San Gabriel,[5217 nan]
San Gabriel Valley Council Of Governments,[6303]
San Jacinto,[5075 nan]
San Joaquin,[5245 nan]
San Joaquin Cog,[nan]
San Joaquin Council Of Governments,[6088]
San Joaquin County,[5929]
San Joaquin Regional Rail Commission,[6262]
San Joaquin Regional Transit District,[6245]
San Jose,[5005]
San Juan Capistrano,[5372]
San Leandro,[5041]
San Luis Obispo,[5016 7500]
San Luis Obispo Council Of Governments,[6096]
San Luis Obispo County,[5949]
San Luis Obispo Regional Transit Agency,[6161]
San Marcos,[5381 nan]
San Marino,[5218 nan]
San Mateo,[5102 7500]
San Mateo County,[5935]
San Mateo County Transit District,[6014]
San Pablo,[5303]
San Rafael,[5043]
San Ramon,[5437]
Sanbag,[nan]
Sanbuenaventura,[nan]
Sanger,[5197]
Sanjuancapistra,[nan]
Santa Ana,[5063 nan]
Santa Barbara,[5007]
Santa Barbara County,[5951 5912]
Santa Barbara County Association Of Governments,[6090]
Santa Clara,[5019]
Santa Clara County,[5937]
Santa Clara Valley Transportation Authority,[6264]
Santa Clarita,[5450 nan]
Santa Cruz,[5025 '40A0']
Santa Cruz County,[5936]
Santa Cruz County Health Services Agency,[6448]
Santa Cruz County Regional Transportation Commission,[6149]
Santa Fe Sprgs,[nan]
Santa Fe Springs,[5340]
Santa Maria,[5138]
Santa Monica,[5107 nan]
Santa Paula,[5121 nan]
Santa Rosa,[5028]
Santee,[5429 nan]
Saratoga,[5332]
Sausalito,[5098]
Scotts Valley,[5400]
Sd Assoc Gov'T,[nan]
Seal Beach,[5229 nan]
Seaside,[5316]
Sebastopol,[5123]
Selma,[5096]
Sgvc,[nan 7500]
Shafter,[5281]
Shasta County,[5906 5916 5921]
Shasta County Regional Transportation Planning Agency,[6093]
Shasta Lake,[5474]
Sierra County,[5913]
Sierra Madre,[5158]
Signal Hill,[5262 nan]
Simi Valley,[5405 nan]
Siskiyou County,[5902]
Sjrt,[nan]
Solano County,[5923]
Solano County Transit,[6497 6503]
Solano Transportation Authority,[6249]
Solvang,[5443]
Sonoma,[5114]
Sonoma County,[5920 5020]
Sonoma County Transit,[6331]
Sonoma County Transportation Authority,[6364]
Sonoma Marin Area Rail Transit District,[6411]
Sonora,[5010 nan]
South Coast Air Quality Management District,[6373]
South Coast Area Transit,[6196]
South El Monte,[5352]
South Gate,[5257 nan]
South Lake Tahoe,[5398]
South Pasadena,[5071]
South San Francisco,[5177]
Southern California Association Of Governments,[6049]
Southern California Regional Rail Authority,[6187]
Southwest Transportation Agency,[6338]
St Helena,[5051]
Stan Area Aog,[nan]
Stanislaus,[nan]
Stanislaus Council Of Governments,[6089]
Stanislaus County,[5938]
Stockton,[5008 nan 7500]
Stockton Port District,[6349]
Stpd,[nan]
Suisun City,[5032]
Sunline Transit Agency,[6052]
Sunnyvale,[5213]
Susanville,[5116]
Sutter,[7500]
Sutter County,[5918]
Sutter Creek,[5215 nan]
Taft,[5193]
Tahoe Regional Planning Agency,[6125]
Tahoe Transportation District,[6478]
Tehachapi,[5184 nan]
Tehama,[5148]
Tehama County,[5908 5954]
Tehama County Transportation Commission,[6152]
Temecula,[5459 nan]
Temple City,[5365]
Thousand Oaks,[5392 nan]
Torrance,[5249 nan]
Tracy,[5192 nan]
Transit Joint Powers Authority For Merced County,[6308]
Transportation Agency For Monterey County,[6143]
Transportation Authority Of Marin,[6406]
Tri Delta Transit,[6341]
Trinidad,[5036]
Trinity County,[5905 5953]
Truckee,[5473]
Tulare,[5072]
Tulare County,[5946]
Tuolumne,[nan]
Tuolumne County,[5932 5916]
Tuolumne County Transportation Council,[6154]
Turlock,[5165 nan]
Tustin,[5271]
Twentynine Palm,[nan]
Twentynine Palms,[5448]
"U.S. Forest Service, Pacific Southwest Region",[6190]
Ukiah,[5049]
Union City,[5354]
Union Pacific,[nan]
United States Forest Service,[6190]
University Of California,[6073]
University Of California - Davis,[6387]
University Of California - Santa Barbara,[6300]
University Of California At San Francisco,[6342]
Usda Forest Ser,[nan 6190]
Vacaville,[5094]
Vallejo,[5030]
Ventura,[nan 7500]
Ventura County,[5952]
Ventura County Transportation Commission,[6155]
Vernon,[nan 5139]
Victor Valley Transit Authority,[6261]
Victorville,[5380 nan]
Villa Park,[5377]
Visalia,[5044]
Vista,[5382 nan]
Walnut,[nan 5353]
Walnut Creek,[5225]
Wasco,[5287]
Waterford,[5406 nan]
Watsonville,[5031]
Weed,[5371]
West Covina,[5259 nan]
West Sacramento,[5447]
Western Contra Costa Transit Authority,[6226]
Western Shasta Resource Conservation District,[6388]
Westlake Village,[5431]
Westminister,[nan]
Westminster,[5338]
Westmorland,[5278 nan]
Wheatland,[5048]
Whittier,[5111 nan]
Wildomar,[5484 nan]
Willits,[5082]
Willows,[5062]
Windsor,[5472]
Winters,[5110]
Woodlake,[5284]
Woodland,[5046]
Woodside,[5333]
Wta,[6365]
Yolo County,[5922]
Yolo County Transportation District,[6195]
Yorba Linda,[5402 nan]
Yosemite Area Regional Transportation System Jpa,[6305]
Yountville,[5395]
Yreka City,[5020]
Yrts,[nan]
Yuba City,[5163]
Yuba County,[5916]
Yucaipa,[5457 nan 5954 'NBIL']
Yucca Valley,[5466 nan]
