Name,gtfs_dataset_name
Arcata and Mad River Transit System,Humboldt Schedule
Camarillo Area Transit,Camarillo Schedule
Camarillo Area Transit,VCTC GMV Schedule
Cloverdale Transit,Bay Area 511 Sonoma County Transit Schedule
Commute.org Shuttles,Bay Area 511 Commute.org Schedule
Desert Roadrunner,Desert Roadrunner Schedule
Duarte Transit,Foothill Schedule
Eureka Transit Service,Humboldt Schedule
Lawndale Beat,Lawndale Schedule
Merced The Bus,Merced Schedule
Metrolink Arrow,Metrolink Schedule
Moorpark City Transit,Moorpark Schedule
Moorpark City Transit,VCTC GMV Schedule
Muni Metro Rail,Bay Area 511 Muni Schedule
NCTD Rail,North County Schedule
Ojai Trolley,VCTC GMV Schedule
Rancho CordoVan,Sacramento Schedule
SacRT Light Rail,Sacramento Schedule
San Diego International Airport Shuttles,San Diego Schedule
San Diego Trolley,San Diego Schedule
Simi Valley Transit,VCTC GMV Schedule
Solano Express,Bay Area 511 SolTrans Schedule
Thousand Oaks Transit,VCTC GMV Schedule
Thruway,Amtrak Schedule
VCTC Intercity,VCTC GMV Schedule
Victor Valley Transit,Victor Valley Schedule
VTA Light Rail,Bay Area 511 Santa Clara Transit Schedule